partido_id,temporada,local,visitante,gana_local,prob_local,prob_visit,pred_winner,correct,confidence
2016/2017_Centr_Pool _1Round,2016/2017,Brescia,Cantù,1,0.3166,0.6834,Cantù,0,0.3669
2016/2017_Gi Gr_Lube_1Round,2016/2017,Monza,Lube,0,0.2407,0.7593,Lube,1,0.5185
2016/2017_Basi _Emma _2Round,2016/2017,Lagonegro,Siena,0,0.3261,0.6739,Siena,1,0.3478
2016/2017_Kioen_Sir S_2Round,2016/2017,Padova,Perugia,0,0.2038,0.7962,Perugia,1,0.5925
2016/2017_Diate_Kioen_3Round,2016/2017,Trento,Padova,1,0.4673,0.5327,Padova,0,0.0654
2016/2017_Gi Gr_Milan_3Round,2016/2017,Monza,Milano,0,0.4326,0.5674,Milano,1,0.1349
2016/2017_Azimu_Kioen_4Round,2016/2017,Modena,Padova,0,0.4172,0.5828,Padova,1,0.1655
2016/2017_Basi _Pool _4Round,2016/2017,Lagonegro,Cantù,0,0.413,0.587,Cantù,1,0.174
2016/2017_Basi _Sigma_4Round,2016/2017,Lagonegro,Aversa,0,0.5797,0.4203,Lagonegro,0,0.1594
2016/2017_Gi Gr_Veron_4Round,2016/2017,Monza,Verona,0,0.4886,0.5114,Verona,1,0.0227
2016/2017_Basi _Centr_5Round,2016/2017,Lagonegro,Brescia,1,0.5689,0.4311,Lagonegro,1,0.1378
2016/2017_Lube_Milan_5Round,2016/2017,Lube,Milano,0,0.3916,0.6084,Milano,1,0.2169
2016/2017_Diate_Sir S_6Round,2016/2017,Trento,Perugia,1,0.4274,0.5726,Perugia,0,0.1453
2016/2017_Kioen_Lube_6Round,2016/2017,Padova,Lube,0,0.3202,0.6798,Lube,1,0.3597
2016/2017_Azimu_Sir S_7Round,2016/2017,Modena,Perugia,0,0.1775,0.8225,Perugia,1,0.6449
2016/2017_Gi Gr_Kioen_7Round,2016/2017,Monza,Padova,1,0.4424,0.5576,Padova,0,0.1153
2016/2017_Milan_Veron_7Round,2016/2017,Milano,Verona,0,0.4444,0.5556,Verona,1,0.1112
2016/2017_Azimu_Veron_8Round,2016/2017,Modena,Verona,1,0.5732,0.4268,Modena,1,0.1465
2016/2017_Diate_Milan_8Round,2016/2017,Trento,Milano,0,0.5151,0.4849,Trento,0,0.0301
2016/2017_Lube_Sir S_8Round,2016/2017,Lube,Perugia,0,0.4273,0.5727,Perugia,1,0.1455
2016/2017_Azimu_Gi Gr_9Round,2016/2017,Modena,Monza,0,0.5839,0.4161,Modena,0,0.1679
2016/2017_Diate_Veron_9Round,2016/2017,Trento,Verona,0,0.2889,0.7111,Verona,1,0.4222
2016/2017_Emma _Sigma_9Round,2016/2017,Siena,Aversa,0,0.3804,0.6196,Aversa,1,0.2391
2016/2017_Kioen_Milan_9Round,2016/2017,Padova,Milano,1,0.2989,0.7011,Milano,0,0.4023
2016/2017_Diate_Lube_10Round,2016/2017,Trento,Lube,1,0.4832,0.5168,Lube,0,0.0336
2016/2017_Gi Gr_Sir S_10Round,2016/2017,Monza,Perugia,0,0.5411,0.4589,Monza,0,0.0823
2016/2017_Azimu_Diate_11Round,2016/2017,Modena,Trento,1,0.5142,0.4858,Modena,1,0.0283
2016/2017_Lube_Veron_11Round,2016/2017,Lube,Verona,1,0.6099,0.3901,Lube,1,0.2199
2016/2017_Diate_Gi Gr_12Round,2016/2017,Trento,Monza,0,0.5713,0.4287,Trento,0,0.1425
2016/2017_Sir S_Veron_12Round,2016/2017,Perugia,Verona,0,0.5032,0.4968,Perugia,0,0.0064
2016/2017_Azimu_Lube_13Round,2016/2017,Modena,Lube,1,0.4722,0.5278,Lube,0,0.0555
2016/2017_Kioen_Veron_13Round,2016/2017,Padova,Verona,0,0.3122,0.6878,Verona,1,0.3756
2016/2017_Milan_Sir S_13Round,2016/2017,Milano,Perugia,0,0.2147,0.7853,Perugia,1,0.5706
2017/2018_Diate_Milan_1Round,2017/2018,Trento,Milano,0,0.5402,0.4598,Trento,0,0.0805
2017/2018_Kioen_Sir S_1Round,2017/2018,Padova,Perugia,1,0.3178,0.6822,Perugia,0,0.3644
2017/2018_Diate_Kioen_2Round,2017/2018,Trento,Padova,1,0.635,0.365,Trento,1,0.27
2017/2018_Gi Gr_Milan_2Round,2017/2018,Monza,Milano,0,0.4321,0.5679,Milano,1,0.1358
2017/2018_Sir S_Veron_2Round,2017/2018,Perugia,Verona,0,0.5221,0.4779,Perugia,0,0.0442
2017/2018_Azimu_Gi Gr_3Round,2017/2018,Modena,Monza,1,0.5443,0.4557,Modena,1,0.0885
2017/2018_Lube_Milan_3Round,2017/2018,Lube,Milano,0,0.4118,0.5882,Milano,1,0.1764
2017/2018_Centr_Emma _4Round,2017/2018,Brescia,Siena,0,0.4859,0.5141,Siena,1,0.0282
2017/2018_Kioen_Veron_4Round,2017/2018,Padova,Verona,1,0.4056,0.5944,Verona,0,0.1889
2017/2018_Milan_Sir S_4Round,2017/2018,Milano,Perugia,1,0.281,0.719,Perugia,0,0.438
2017/2018_Pool _Sigma_4Round,2017/2018,Cantù,Aversa,0,0.5352,0.4648,Cantù,0,0.0703
2017/2018_Azimu_Veron_5Round,2017/2018,Modena,Verona,1,0.59,0.41,Modena,1,0.18
2017/2018_Centr_Pool _5Round,2017/2018,Brescia,Cantù,1,0.3997,0.6003,Cantù,0,0.2006
2017/2018_Diate_Lube_5Round,2017/2018,Trento,Lube,1,0.4051,0.5949,Lube,0,0.1897
2017/2018_Gi Gr_Sir S_5Round,2017/2018,Monza,Perugia,0,0.4797,0.5203,Perugia,1,0.0406
2017/2018_Azimu_Lube_6Round,2017/2018,Modena,Lube,0,0.5606,0.4394,Modena,0,0.1212
2017/2018_Diate_Veron_6Round,2017/2018,Trento,Verona,0,0.4288,0.5712,Verona,1,0.1423
2017/2018_Diate_Sir S_7Round,2017/2018,Trento,Perugia,0,0.4089,0.5911,Perugia,1,0.1823
2017/2018_Emma _Sigma_7Round,2017/2018,Siena,Aversa,1,0.5104,0.4896,Siena,1,0.0209
2017/2018_Gi Gr_Kioen_7Round,2017/2018,Monza,Padova,1,0.7026,0.2974,Monza,1,0.4052
2017/2018_Azimu_Milan_8Round,2017/2018,Modena,Milano,1,0.4609,0.5391,Milano,0,0.0783
2017/2018_Gi Gr_Lube_8Round,2017/2018,Monza,Lube,1,0.6013,0.3987,Monza,1,0.2026
2017/2018_Centr_Geosa_9Round,2017/2018,Brescia,Lagonegro,1,0.4547,0.5453,Lagonegro,0,0.0907
2017/2018_Gi Gr_Veron_9Round,2017/2018,Monza,Verona,0,0.5225,0.4775,Monza,0,0.045
2017/2018_Lube_Sir S_9Round,2017/2018,Lube,Perugia,1,0.3228,0.6772,Perugia,0,0.3545
2017/2018_Azimu_Diate_10Round,2017/2018,Modena,Trento,0,0.5805,0.4195,Modena,0,0.161
2017/2018_Geosa_Pool _10Round,2017/2018,Lagonegro,Cantù,0,0.5268,0.4732,Lagonegro,0,0.0536
2017/2018_Kioen_Milan_10Round,2017/2018,Padova,Milano,0,0.2729,0.7271,Milano,1,0.4543
2017/2018_Lube_Veron_10Round,2017/2018,Lube,Verona,0,0.4992,0.5008,Verona,1,0.0015
2017/2018_Kioen_Lube_11Round,2017/2018,Padova,Lube,0,0.3748,0.6252,Lube,1,0.2503
2017/2018_Milan_Veron_11Round,2017/2018,Milano,Verona,0,0.2804,0.7196,Verona,1,0.4393
2017/2018_Azimu_Sir S_12Round,2017/2018,Modena,Perugia,0,0.2956,0.7044,Perugia,1,0.4088
2017/2018_Azimu_Kioen_13Round,2017/2018,Modena,Padova,0,0.6931,0.3069,Modena,0,0.3863
2017/2018_Diate_Gi Gr_13Round,2017/2018,Trento,Monza,1,0.5031,0.4969,Trento,1,0.0062
2018/2019_Kioen_Lube_1Round,2018/2019,Padova,Lube,0,0.4156,0.5844,Lube,1,0.1688
2018/2019_Monza_Veron_1Round,2018/2019,Monza,Verona,1,0.4884,0.5116,Verona,0,0.0233
2018/2019_Centr_Geosa_2Round,2018/2019,Brescia,Lagonegro,1,0.4326,0.5674,Lagonegro,0,0.1348
2018/2019_Kioen_Milan_2Round,2018/2019,Padova,Milano,0,0.3416,0.6584,Milano,1,0.3167
2018/2019_Sir S_Veron_2Round,2018/2019,Perugia,Verona,0,0.5431,0.4569,Perugia,0,0.0862
2018/2019_Lube_Veron_3Round,2018/2019,Lube,Verona,0,0.6023,0.3977,Lube,0,0.2047
2018/2019_Piace_Videx_3Round,2018/2019,Piacenza,Grottazzolina,1,0.5073,0.4927,Piacenza,1,0.0146
2018/2019_Sir S_Trent_3Round,2018/2019,Perugia,Trento,1,0.5171,0.4829,Perugia,1,0.0342
2018/2019_Azimu_Milan_4Round,2018/2019,Modena,Milano,1,0.3237,0.6763,Milano,0,0.3526
2018/2019_BAM A_Videx_4Round,2018/2019,Cuneo,Grottazzolina,0,0.3061,0.6939,Grottazzolina,1,0.3877
2018/2019_Lube_Sir S_4Round,2018/2019,Lube,Perugia,0,0.5586,0.4414,Lube,0,0.1171
2018/2019_Kioen_Monza_5Round,2018/2019,Padova,Monza,0,0.4216,0.5784,Monza,1,0.1567
2018/2019_Lube_Trent_5Round,2018/2019,Lube,Trento,0,0.4787,0.5213,Trento,1,0.0426
2018/2019_Azimu_Kioen_6Round,2018/2019,Modena,Padova,1,0.6432,0.3568,Modena,1,0.2864
2018/2019_Geosa_Mengh_6Round,2018/2019,Lagonegro,Macerata,1,0.3879,0.6121,Macerata,0,0.2241
2018/2019_Lube_Monza_6Round,2018/2019,Lube,Monza,1,0.6446,0.3554,Lube,1,0.2893
2018/2019_Azimu_Sir S_7Round,2018/2019,Modena,Perugia,0,0.238,0.762,Perugia,1,0.524
2018/2019_Milan_Monza_7Round,2018/2019,Milano,Monza,0,0.3485,0.6515,Monza,1,0.303
2018/2019_Azimu_Lube_8Round,2018/2019,Modena,Lube,1,0.4792,0.5208,Lube,0,0.0416
2018/2019_Trent_Veron_8Round,2018/2019,Trento,Verona,1,0.3189,0.6811,Verona,0,0.3621
2018/2019_Kioen_Trent_9Round,2018/2019,Padova,Trento,1,0.3146,0.6854,Trento,0,0.3709
2018/2019_Milan_Veron_9Round,2018/2019,Milano,Verona,0,0.191,0.809,Verona,1,0.618
2018/2019_Monza_Sir S_9Round,2018/2019,Monza,Perugia,0,0.529,0.471,Monza,0,0.058
2018/2019_Azimu_Monza_10Round,2018/2019,Modena,Monza,0,0.408,0.592,Monza,1,0.184
2018/2019_Centr_Mengh_10Round,2018/2019,Brescia,Macerata,0,0.3296,0.6704,Macerata,1,0.3407
2018/2019_Kioen_Veron_10Round,2018/2019,Padova,Verona,1,0.3565,0.6435,Verona,0,0.287
2018/2019_Milan_Trent_10Round,2018/2019,Milano,Trento,1,0.3831,0.6169,Trento,0,0.2337
2018/2019_Kioen_Sir S_11Round,2018/2019,Padova,Perugia,1,0.2601,0.7399,Perugia,0,0.4797
2018/2019_Lube_Milan_11Round,2018/2019,Lube,Milano,1,0.4414,0.5586,Milano,0,0.1172
2018/2019_Azimu_Trent_12Round,2018/2019,Modena,Trento,0,0.458,0.542,Trento,1,0.084
2018/2019_Azimu_Veron_13Round,2018/2019,Modena,Verona,1,0.5445,0.4555,Modena,1,0.0891
2018/2019_BAM A_Piace_13Round,2018/2019,Cuneo,Piacenza,1,0.3627,0.6373,Piacenza,0,0.2745
2018/2019_Emma _Raven_13Round,2018/2019,Siena,Ravenna,1,0.4035,0.5965,Ravenna,0,0.1931
2018/2019_Milan_Sir S_13Round,2018/2019,Milano,Perugia,1,0.18,0.82,Perugia,0,0.6399
2018/2019_Monza_Trent_13Round,2018/2019,Monza,Trento,1,0.5783,0.4217,Monza,1,0.1567
2018/2019_Pool _Tinet_13Round,2018/2019,Cantù,Prata di Pordenone,0,0.4816,0.5184,Prata di Pordenone,1,0.0369
2019/2020_Kioen_Moden_1Round,2019/2020,Padova,Modena,1,0.4818,0.5182,Modena,0,0.0364
2019/2020_Lube_Piace_1Round,2019/2020,Lube,Piacenza,0,0.4568,0.5432,Piacenza,1,0.0863
2019/2020_Milan_Monza_1Round,2019/2020,Milano,Monza,0,0.4292,0.5708,Monza,1,0.1416
2019/2020_Emma _Sarca_2Round,2019/2020,Siena,Brescia,1,0.5449,0.4551,Siena,1,0.0899
2019/2020_Lube_Milan_2Round,2019/2020,Lube,Milano,0,0.5102,0.4898,Lube,0,0.0204
2019/2020_Moden_Piace_2Round,2019/2020,Modena,Piacenza,0,0.5761,0.4239,Modena,0,0.1522
2019/2020_Monza_Trent_2Round,2019/2020,Monza,Trento,0,0.5456,0.4544,Monza,0,0.0911
2019/2020_Sir S_Veron_2Round,2019/2020,Perugia,Verona,1,0.509,0.491,Perugia,1,0.018
2019/2020_Monza_Sir S_3Round,2019/2020,Monza,Perugia,1,0.6306,0.3694,Monza,1,0.2611
2019/2020_Piace_Veron_3Round,2019/2020,Piacenza,Verona,1,0.3677,0.6323,Verona,0,0.2645
2019/2020_Bisco_Gibam_4Round,2019/2020,Porto Viro,Fano,0,0.339,0.661,Fano,1,0.322
2019/2020_Geove_Sarca_4Round,2019/2020,Lagonegro,Brescia,0,0.5187,0.4813,Lagonegro,0,0.0375
2019/2020_Milan_Sir S_4Round,2019/2020,Milano,Perugia,0,0.2522,0.7478,Perugia,1,0.4956
2019/2020_Trent_Veron_4Round,2019/2020,Trento,Verona,1,0.3258,0.6742,Verona,0,0.3484
2019/2020_Emma _Pool _5Round,2019/2020,Siena,Cantù,0,0.4826,0.5174,Cantù,1,0.0347
2019/2020_Kioen_Sir S_5Round,2019/2020,Padova,Perugia,0,0.3141,0.6859,Perugia,1,0.3718
2019/2020_Lube_Veron_5Round,2019/2020,Lube,Verona,0,0.6249,0.3751,Lube,0,0.2498
2019/2020_Piace_Trent_5Round,2019/2020,Piacenza,Trento,0,0.4289,0.5711,Trento,1,0.1422
2019/2020_Gibam_Tinet_6Round,2019/2020,Fano,Prata di Pordenone,0,0.508,0.492,Fano,0,0.016
2019/2020_Kioen_Veron_6Round,2019/2020,Padova,Verona,0,0.5924,0.4076,Padova,0,0.1849
2019/2020_Lube_Moden_6Round,2019/2020,Lube,Modena,1,0.7486,0.2514,Lube,1,0.4972
2019/2020_Milan_Trent_6Round,2019/2020,Milano,Trento,0,0.4216,0.5784,Trento,1,0.1568
2019/2020_Monza_Piace_6Round,2019/2020,Monza,Piacenza,1,0.4146,0.5854,Piacenza,0,0.1708
2019/2020_Kioen_Trent_7Round,2019/2020,Padova,Trento,0,0.4242,0.5758,Trento,1,0.1516
2019/2020_Milan_Moden_7Round,2019/2020,Milano,Modena,0,0.662,0.338,Milano,0,0.324
2019/2020_Piace_Sir S_7Round,2019/2020,Piacenza,Perugia,0,0.2435,0.7565,Perugia,1,0.5131
2019/2020_Geove_Pool _8Round,2019/2020,Cantù,Lagonegro,0,0.477,0.523,Lagonegro,1,0.0459
2019/2020_Moden_Trent_8Round,2019/2020,Modena,Trento,0,0.3852,0.6148,Trento,1,0.2296
2019/2020_Monza_Veron_8Round,2019/2020,Monza,Verona,0,0.5325,0.4675,Monza,0,0.0651
2019/2020_Bisco_Tinet_9Round,2019/2020,Porto Viro,Prata di Pordenone,1,0.4401,0.5599,Prata di Pordenone,0,0.1199
2019/2020_Kioen_Piace_9Round,2019/2020,Piacenza,Padova,1,0.6335,0.3665,Piacenza,1,0.267
2019/2020_Lube_Monza_9Round,2019/2020,Lube,Monza,1,0.5,0.5,Lube,1,0.0001
2019/2020_Emma _Geove_10Round,2019/2020,Lagonegro,Siena,0,0.4731,0.5269,Siena,1,0.0538
2019/2020_Kioen_Milan_10Round,2019/2020,Padova,Milano,1,0.3602,0.6398,Milano,0,0.2797
2019/2020_Lube_Trent_10Round,2019/2020,Lube,Trento,0,0.5041,0.4959,Lube,0,0.0081
2019/2020_Moden_Monza_10Round,2019/2020,Modena,Monza,0,0.2847,0.7153,Monza,1,0.4307
2019/2020_Pool _Sarca_10Round,2019/2020,Brescia,Cantù,0,0.3111,0.6889,Cantù,1,0.3777
2019/2020_Lube_Sir S_11Round,2019/2020,Lube,Perugia,1,0.4337,0.5663,Perugia,0,0.1326
2019/2020_Milan_Piace_11Round,2019/2020,Milano,Piacenza,1,0.3246,0.6754,Piacenza,0,0.3507
2019/2020_Moden_Veron_11Round,2019/2020,Modena,Verona,0,0.4171,0.5829,Verona,1,0.1658
2019/2020_Kioen_Lube_12Round,2019/2020,Padova,Lube,0,0.3774,0.6226,Lube,1,0.2452
2019/2020_Moden_Sir S_12Round,2019/2020,Perugia,Modena,1,0.6813,0.3187,Perugia,1,0.3625
2019/2020_Kioen_Monza_13Round,2019/2020,Monza,Padova,1,0.726,0.274,Monza,1,0.4521
2019/2020_Milan_Veron_13Round,2019/2020,Verona,Milano,0,0.4238,0.5762,Milano,1,0.1523
2019/2020_Sir S_Trent_13Round,2019/2020,Trento,Perugia,0,0.4632,0.5368,Perugia,1,0.0735
2020/2021_Emma _Pool _1Round,2020/2021,Siena,Cantù,0,0.6131,0.3869,Siena,0,0.2263
2020/2021_Grupp_Prism_1Round,2020/2021,Brescia,Taranto,1,0.562,0.438,Brescia,1,0.124
2020/2021_Kioen_Trent_1Round,2020/2021,Padova,Trento,0,0.2764,0.7236,Trento,1,0.4473
2020/2021_Lube_Veron_1Round,2020/2021,Lube,Verona,0,0.7232,0.2768,Lube,0,0.4465
2020/2021_Moden_Monza_1Round,2020/2021,Modena,Monza,0,0.4382,0.5618,Monza,1,0.1236
2020/2021_Cave _Grupp_2Round,2020/2021,Lagonegro,Brescia,1,0.6236,0.3764,Lagonegro,1,0.2472
2020/2021_Delta_Vigil_2Round,2020/2021,Porto Viro,Fano,1,0.4102,0.5898,Fano,0,0.1797
2020/2021_Milan_Monza_2Round,2020/2021,Milano,Monza,0,0.3822,0.6178,Monza,1,0.2356
2020/2021_Piace_Sir S_2Round,2020/2021,Piacenza,Perugia,1,0.3936,0.6064,Perugia,0,0.2128
2020/2021_Pool _Prism_2Round,2020/2021,Cantù,Taranto,1,0.4128,0.5872,Taranto,0,0.1744
2020/2021_Trent_Veron_2Round,2020/2021,Trento,Verona,0,0.4569,0.5431,Verona,1,0.0862
2020/2021_Cave _Emma _3Round,2020/2021,Lagonegro,Siena,0,0.4018,0.5982,Siena,1,0.1964
2020/2021_Kioen_Sir S_3Round,2020/2021,Padova,Perugia,0,0.2183,0.7817,Perugia,1,0.5634
2020/2021_Lube_Trent_3Round,2020/2021,Lube,Trento,1,0.5412,0.4588,Lube,1,0.0824
2020/2021_Monza_Veron_3Round,2020/2021,Monza,Verona,1,0.4955,0.5045,Verona,0,0.0091
2020/2021_Cave _Pool _4Round,2020/2021,Lagonegro,Cantù,0,0.4939,0.5061,Cantù,1,0.0122
2020/2021_Lube_Monza_4Round,2020/2021,Lube,Monza,0,0.6847,0.3153,Lube,0,0.3694
2020/2021_Milan_Moden_4Round,2020/2021,Milano,Modena,0,0.5238,0.4762,Milano,0,0.0475
2020/2021_Piace_Trent_4Round,2020/2021,Piacenza,Trento,0,0.3248,0.6752,Trento,1,0.3503
2020/2021_Sir S_Veron_4Round,2020/2021,Perugia,Verona,0,0.423,0.577,Verona,1,0.1539
2020/2021_Delta_Prata_5Round,2020/2021,Porto Viro,Prata di Pordenone,1,0.4789,0.5211,Prata di Pordenone,0,0.0423
2020/2021_Emma _Grupp_5Round,2020/2021,Siena,Brescia,0,0.4847,0.5153,Brescia,1,0.0306
2020/2021_Kioen_Monza_5Round,2020/2021,Padova,Monza,0,0.2248,0.7752,Monza,1,0.5504
2020/2021_Lube_Piace_5Round,2020/2021,Lube,Piacenza,0,0.6317,0.3683,Lube,0,0.2635
2020/2021_Moden_Trent_5Round,2020/2021,Modena,Trento,1,0.3647,0.6353,Trento,0,0.2706
2020/2021_Norma_Siste_5Round,2020/2021,Aversa,Acicastello,0,0.6229,0.3771,Aversa,0,0.2458
2020/2021_Kioen_Lube_6Round,2020/2021,Padova,Lube,0,0.3487,0.6513,Lube,1,0.3026
2020/2021_Milan_Veron_6Round,2020/2021,Milano,Verona,1,0.3134,0.6866,Verona,0,0.3732
2020/2021_Moden_Piace_6Round,2020/2021,Modena,Piacenza,0,0.577,0.423,Modena,0,0.154
2020/2021_Norma_Pinet_6Round,2020/2021,Aversa,Pineto,1,0.5982,0.4018,Aversa,1,0.1965
2020/2021_Sir S_Trent_6Round,2020/2021,Perugia,Trento,0,0.5375,0.4625,Perugia,0,0.0749
2020/2021_Emma _Prism_7Round,2020/2021,Siena,Taranto,0,0.5722,0.4278,Siena,0,0.1445
2020/2021_Kioen_Moden_7Round,2020/2021,Padova,Modena,1,0.3307,0.6693,Modena,0,0.3385
2020/2021_Lube_Milan_7Round,2020/2021,Lube,Milano,1,0.5967,0.4033,Lube,1,0.1933
2020/2021_Monza_Trent_7Round,2020/2021,Monza,Trento,1,0.5432,0.4568,Monza,1,0.0865
2020/2021_Delta_Med S_8Round,2020/2021,Porto Viro,Macerata,0,0.5323,0.4677,Porto Viro,0,0.0645
2020/2021_Kioen_Piace_8Round,2020/2021,Padova,Piacenza,1,0.3591,0.6409,Piacenza,0,0.2818
2020/2021_Lube_Moden_8Round,2020/2021,Lube,Modena,0,0.6682,0.3318,Lube,0,0.3363
2020/2021_Milan_Sir S_8Round,2020/2021,Milano,Perugia,0,0.3378,0.6622,Perugia,1,0.3244
2020/2021_Prata_Vigil_8Round,2020/2021,Prata di Pordenone,Fano,0,0.3816,0.6184,Fano,1,0.2369
2020/2021_Kioen_Milan_9Round,2020/2021,Padova,Milano,1,0.3185,0.6815,Milano,0,0.3631
2020/2021_Moden_Sir S_9Round,2020/2021,Modena,Perugia,1,0.3207,0.6793,Perugia,0,0.3586
2020/2021_Piace_Veron_9Round,2020/2021,Piacenza,Verona,0,0.3812,0.6188,Verona,1,0.2375
2020/2021_Lube_Sir S_10Round,2020/2021,Lube,Perugia,0,0.4948,0.5052,Perugia,1,0.0105
2020/2021_Med S_Prata_10Round,2020/2021,Macerata,Prata di Pordenone,0,0.4635,0.5365,Prata di Pordenone,1,0.073
2020/2021_Milan_Trent_10Round,2020/2021,Milano,Trento,1,0.371,0.629,Trento,0,0.2579
2020/2021_Moden_Veron_10Round,2020/2021,Modena,Verona,0,0.6179,0.3821,Modena,0,0.2357
2020/2021_Monza_Piace_10Round,2020/2021,Monza,Piacenza,0,0.4607,0.5393,Piacenza,1,0.0786
2020/2021_Pinet_Siste_10Round,2020/2021,Pineto,Acicastello,1,0.3935,0.6065,Acicastello,0,0.2131
2020/2021_Cave _Prism_11Round,2020/2021,Lagonegro,Taranto,0,0.511,0.489,Lagonegro,0,0.0219
2020/2021_Grupp_Pool _11Round,2020/2021,Brescia,Cantù,0,0.3059,0.6941,Cantù,1,0.3881
2020/2021_Kioen_Veron_11Round,2020/2021,Padova,Verona,0,0.4812,0.5188,Verona,1,0.0377
2020/2021_Med S_Vigil_11Round,2020/2021,Macerata,Fano,0,0.595,0.405,Macerata,0,0.19
2020/2021_Milan_Piace_11Round,2020/2021,Milano,Piacenza,0,0.4635,0.5365,Piacenza,1,0.0729
2020/2021_Monza_Sir S_11Round,2020/2021,Monza,Perugia,0,0.5778,0.4222,Monza,0,0.1556
2021/2022_Cave _Delta_1Round,2021/2022,Lagonegro,Porto Viro,0,0.4531,0.5469,Porto Viro,1,0.0937
2021/2022_Kioen_Lube_1Round,2021/2022,Padova,Lube,0,0.53,0.47,Padova,0,0.06
2021/2022_Leo S_Monza_1Round,2021/2022,Modena,Monza,1,0.5289,0.4711,Modena,1,0.0579
2021/2022_Med S_Prata_1Round,2021/2022,Macerata,Prata di Pordenone,1,0.6249,0.3751,Macerata,1,0.2497
2021/2022_Shedi_Wow G_1Round,2021/2022,Sorrento,Aversa,0,0.4148,0.5852,Aversa,1,0.1704
2021/2022_Trent_Veron_1Round,2021/2022,Trento,Verona,1,0.429,0.571,Verona,0,0.142
2021/2022_Consa_Gioie_2Round,2021/2022,Ravenna,Taranto,0,0.5438,0.4562,Ravenna,0,0.0876
2021/2022_Lube_Piace_2Round,2021/2022,Lube,Piacenza,0,0.4825,0.5175,Piacenza,1,0.035
2021/2022_Milan_Monza_2Round,2021/2022,Milano,Monza,0,0.5926,0.4074,Milano,0,0.1853
2021/2022_Pinet_Prata_2Round,2021/2022,Pineto,Prata di Pordenone,1,0.3986,0.6014,Prata di Pordenone,0,0.2028
2021/2022_Sir S_Veron_2Round,2021/2022,Perugia,Verona,1,0.6332,0.3668,Perugia,1,0.2664
2021/2022_Cave _Pool _3Round,2021/2022,Lagonegro,Cantù,1,0.5027,0.4973,Lagonegro,1,0.0054
2021/2022_Lube_Trent_3Round,2021/2022,Lube,Trento,1,0.579,0.421,Lube,1,0.158
2021/2022_Milan_Piace_3Round,2021/2022,Milano,Piacenza,1,0.3399,0.6601,Piacenza,0,0.3201
2021/2022_Kioen_Trent_4Round,2021/2022,Padova,Trento,0,0.3028,0.6972,Trento,1,0.3944
2021/2022_Leo S_Piace_4Round,2021/2022,Modena,Piacenza,0,0.5091,0.4909,Modena,0,0.0182
2021/2022_Lube_Veron_4Round,2021/2022,Lube,Verona,1,0.8002,0.1998,Lube,1,0.6004
2021/2022_Cave _Emma _5Round,2021/2022,Lagonegro,Siena,1,0.4117,0.5883,Siena,0,0.1766
2021/2022_Lube_Milan_5Round,2021/2022,Lube,Milano,0,0.5049,0.4951,Lube,0,0.0097
2021/2022_Monza_Piace_5Round,2021/2022,Monza,Piacenza,1,0.3914,0.6086,Piacenza,0,0.2171
2021/2022_Prata_Vigil_5Round,2021/2022,Prata di Pordenone,Fano,0,0.3578,0.6422,Fano,1,0.2844
2021/2022_Sir S_Trent_5Round,2021/2022,Perugia,Trento,1,0.4018,0.5982,Trento,0,0.1964
2021/2022_Delta_Pool _6Round,2021/2022,Porto Viro,Cantù,0,0.3726,0.6274,Cantù,1,0.2547
2021/2022_Leo S_Lube_6Round,2021/2022,Modena,Lube,1,0.5042,0.4958,Modena,1,0.0085
2021/2022_Milan_Sir S_6Round,2021/2022,Milano,Perugia,1,0.3301,0.6699,Perugia,0,0.3398
2021/2022_Monza_Trent_6Round,2021/2022,Monza,Trento,0,0.3725,0.6275,Trento,1,0.255
2021/2022_Emma _Grupp_7Round,2021/2022,Siena,Brescia,0,0.4701,0.5299,Brescia,1,0.0598
2021/2022_Kioen_Piace_7Round,2021/2022,Padova,Piacenza,1,0.3043,0.6957,Piacenza,0,0.3914
2021/2022_Leo S_Trent_7Round,2021/2022,Modena,Trento,1,0.5253,0.4747,Modena,1,0.0506
2021/2022_Milan_Veron_7Round,2021/2022,Milano,Verona,1,0.5723,0.4277,Milano,1,0.1445
2021/2022_Delta_Emma _8Round,2021/2022,Porto Viro,Siena,1,0.5876,0.4124,Porto Viro,1,0.1753
2021/2022_Kioen_Monza_8Round,2021/2022,Padova,Monza,0,0.3091,0.6909,Monza,1,0.3818
2021/2022_Leo S_Sir S_8Round,2021/2022,Modena,Perugia,0,0.384,0.616,Perugia,1,0.232
2021/2022_Cave _Grupp_9Round,2021/2022,Lagonegro,Brescia,1,0.5463,0.4537,Lagonegro,1,0.0926
2021/2022_Kioen_Sir S_9Round,2021/2022,Padova,Perugia,0,0.2301,0.7699,Perugia,1,0.5398
2021/2022_Leo S_Veron_9Round,2021/2022,Modena,Verona,1,0.7323,0.2677,Modena,1,0.4646
2021/2022_Med S_Pinet_9Round,2021/2022,Macerata,Pineto,1,0.579,0.421,Macerata,1,0.1579
2021/2022_Siste_Wow G_9Round,2021/2022,Acicastello,Aversa,1,0.4838,0.5162,Aversa,0,0.0323
2021/2022_Delta_Grupp_10Round,2021/2022,Porto Viro,Brescia,0,0.4965,0.5035,Brescia,1,0.0071
2021/2022_Kioen_Milan_10Round,2021/2022,Padova,Milano,0,0.3131,0.6869,Milano,1,0.3739
2021/2022_Piace_Trent_10Round,2021/2022,Piacenza,Trento,0,0.2682,0.7318,Trento,1,0.4636
2021/2022_Kioen_Veron_11Round,2021/2022,Padova,Verona,1,0.4924,0.5076,Verona,0,0.0152
2021/2022_Leo S_Milan_11Round,2021/2022,Modena,Milano,1,0.4399,0.5601,Milano,0,0.1201
2021/2022_Lube_Monza_11Round,2021/2022,Lube,Monza,0,0.4274,0.5726,Monza,1,0.1453
2021/2022_Piace_Sir S_11Round,2021/2022,Piacenza,Perugia,0,0.2517,0.7483,Perugia,1,0.4966
2021/2022_Shedi_Siste_11Round,2021/2022,Sorrento,Acicastello,0,0.3533,0.6467,Acicastello,1,0.2935
2021/2022_Emma _Pool _12Round,2021/2022,Siena,Cantù,0,0.3591,0.6409,Cantù,1,0.2818
2021/2022_Milan_Trent_12Round,2021/2022,Milano,Trento,0,0.5611,0.4389,Milano,0,0.1222
2021/2022_Monza_Sir S_12Round,2021/2022,Monza,Perugia,0,0.4127,0.5873,Perugia,1,0.1745
2021/2022_Piace_Veron_12Round,2021/2022,Piacenza,Verona,1,0.4622,0.5378,Verona,0,0.0755
2021/2022_Pinet_Vigil_12Round,2021/2022,Pineto,Fano,1,0.3609,0.6391,Fano,0,0.2782
2021/2022_Grupp_Pool _13Round,2021/2022,Brescia,Cantù,1,0.4362,0.5638,Cantù,0,0.1277
2021/2022_Kioen_Leo S_13Round,2021/2022,Padova,Modena,0,0.4036,0.5964,Modena,1,0.1928
2021/2022_Lube_Sir S_13Round,2021/2022,Lube,Perugia,1,0.3502,0.6498,Perugia,0,0.2995
2021/2022_Med S_Vigil_13Round,2021/2022,Macerata,Fano,1,0.3264,0.6736,Fano,0,0.3473
2021/2022_Monza_Veron_13Round,2021/2022,Monza,Verona,1,0.5094,0.4906,Monza,1,0.0188
2022/2023_Delta_Prata_1Round,2022/2023,Porto Viro,Prata di Pordenone,1,0.5442,0.4558,Porto Viro,1,0.0884
2022/2023_Moden_Padov_1Round,2022/2023,Modena,Padova,1,0.7517,0.2483,Modena,1,0.5034
2022/2023_Monza_Sir S_1Round,2022/2023,Monza,Perugia,0,0.5432,0.4568,Monza,0,0.0864
2022/2023_Piace_Veron_1Round,2022/2023,Piacenza,Verona,0,0.4992,0.5008,Verona,1,0.0016
2022/2023_Pinet_Vigil_1Round,2022/2023,Pineto,Fano,1,0.5586,0.4414,Pineto,1,0.1171
2022/2023_Conso_Delta_2Round,2022/2023,Brescia,Porto Viro,1,0.4763,0.5237,Porto Viro,0,0.0475
2022/2023_Lube_Padov_2Round,2022/2023,Lube,Padova,0,0.7725,0.2275,Lube,0,0.545
2022/2023_Milan_Monza_2Round,2022/2023,Milano,Monza,0,0.5384,0.4616,Milano,0,0.0768
2022/2023_Moden_Piace_2Round,2022/2023,Modena,Piacenza,0,0.6529,0.3471,Modena,0,0.3059
2022/2023_Trent_Veron_2Round,2022/2023,Trento,Verona,1,0.4603,0.5397,Verona,0,0.0794
2022/2023_Lube_Moden_3Round,2022/2023,Lube,Modena,1,0.5116,0.4884,Lube,1,0.0231
2022/2023_Med S_Pinet_3Round,2022/2023,Macerata,Pineto,1,0.6395,0.3605,Macerata,1,0.2791
2022/2023_Piace_Trent_3Round,2022/2023,Piacenza,Trento,0,0.2976,0.7024,Trento,1,0.4047
2022/2023_Sir S_Veron_3Round,2022/2023,Perugia,Verona,0,0.5001,0.4999,Perugia,0,0.0001
2022/2023_Lube_Monza_4Round,2022/2023,Lube,Monza,1,0.5034,0.4966,Lube,1,0.0067
2022/2023_Milan_Moden_4Round,2022/2023,Milano,Modena,1,0.5996,0.4004,Milano,1,0.1992
2022/2023_Padov_Sir S_4Round,2022/2023,Padova,Perugia,1,0.2663,0.7337,Perugia,0,0.4674
2022/2023_Cave _Pool _5Round,2022/2023,Lagonegro,Cantù,1,0.564,0.436,Lagonegro,1,0.1281
2022/2023_Farmi_Shedi_5Round,2022/2023,Catania,Sorrento,0,0.2146,0.7854,Sorrento,1,0.5708
2022/2023_Lube_Trent_5Round,2022/2023,Lube,Trento,0,0.4665,0.5335,Trento,1,0.0671
2022/2023_Milan_Veron_5Round,2022/2023,Milano,Verona,0,0.5462,0.4538,Milano,0,0.0924
2022/2023_Moden_Sir S_5Round,2022/2023,Modena,Perugia,1,0.3583,0.6417,Perugia,0,0.2834
2022/2023_Monza_Piace_5Round,2022/2023,Monza,Piacenza,0,0.4021,0.5979,Piacenza,1,0.1957
2022/2023_Consa_Conso_6Round,2022/2023,Ravenna,Brescia,0,0.4575,0.5425,Brescia,1,0.085
2022/2023_Lube_Veron_6Round,2022/2023,Lube,Verona,1,0.7895,0.2105,Lube,1,0.5789
2022/2023_Milan_Sir S_6Round,2022/2023,Milano,Perugia,0,0.3006,0.6994,Perugia,1,0.3989
2022/2023_Monza_Trent_6Round,2022/2023,Monza,Trento,0,0.3305,0.6695,Trento,1,0.3391
2022/2023_Pool _Prata_6Round,2022/2023,Cantù,Prata di Pordenone,1,0.4875,0.5125,Prata di Pordenone,0,0.0249
2022/2023_Cave _Consa_7Round,2022/2023,Lagonegro,Ravenna,1,0.7146,0.2854,Lagonegro,1,0.4291
2022/2023_Farmi_Wow G_7Round,2022/2023,Catania,Aversa,0,0.3793,0.6207,Aversa,1,0.2413
2022/2023_Milan_Padov_7Round,2022/2023,Milano,Padova,0,0.6009,0.3991,Milano,0,0.2019
2022/2023_Monza_Veron_7Round,2022/2023,Monza,Verona,1,0.4465,0.5535,Verona,0,0.107
2022/2023_Piace_Sir S_7Round,2022/2023,Piacenza,Perugia,0,0.2541,0.7459,Perugia,1,0.4918
2022/2023_Cave _Conso_8Round,2022/2023,Lagonegro,Brescia,1,0.7012,0.2988,Lagonegro,1,0.4024
2022/2023_Consa_Prata_8Round,2022/2023,Ravenna,Prata di Pordenone,1,0.577,0.423,Ravenna,1,0.1539
2022/2023_Milan_Piace_8Round,2022/2023,Milano,Piacenza,1,0.317,0.683,Piacenza,0,0.3661
2022/2023_Padov_Veron_8Round,2022/2023,Padova,Verona,1,0.5641,0.4359,Padova,1,0.1283
2022/2023_Sir S_Trent_8Round,2022/2023,Perugia,Trento,1,0.3235,0.6765,Trento,0,0.3531
2022/2023_Consa_Pool _9Round,2022/2023,Ravenna,Cantù,0,0.5392,0.4608,Ravenna,0,0.0784
2022/2023_Emma _Gioie_9Round,2022/2023,Siena,Taranto,0,0.5,0.5,Taranto,1,0.0
2022/2023_Lube_Piace_9Round,2022/2023,Lube,Piacenza,0,0.5621,0.4379,Lube,0,0.1242
2022/2023_Milan_Trent_9Round,2022/2023,Milano,Trento,0,0.3575,0.6425,Trento,1,0.2851
2022/2023_Moden_Veron_9Round,2022/2023,Modena,Verona,1,0.6478,0.3522,Modena,1,0.2955
2022/2023_Monza_Padov_9Round,2022/2023,Monza,Padova,0,0.6415,0.3585,Monza,0,0.283
2022/2023_Conso_Prata_10Round,2022/2023,Brescia,Prata di Pordenone,0,0.5417,0.4583,Brescia,0,0.0835
2022/2023_Lube_Milan_10Round,2022/2023,Lube,Milano,1,0.5683,0.4317,Lube,1,0.1365
2022/2023_Moden_Monza_10Round,2022/2023,Modena,Monza,0,0.4252,0.5748,Monza,1,0.1497
2022/2023_Padov_Trent_10Round,2022/2023,Padova,Trento,1,0.3906,0.6094,Trento,0,0.2188
2022/2023_Banca_Videx_11Round,2022/2023,Cuneo,Grottazzolina,1,0.6474,0.3526,Cuneo,1,0.2948
2022/2023_Delta_Pool _11Round,2022/2023,Porto Viro,Cantù,0,0.2565,0.7435,Cantù,1,0.487
2022/2023_Lube_Sir S_11Round,2022/2023,Lube,Perugia,1,0.4989,0.5011,Perugia,0,0.0021
2022/2023_Med S_Vigil_11Round,2022/2023,Macerata,Fano,1,0.4587,0.5413,Fano,0,0.0827
2022/2023_Moden_Trent_11Round,2022/2023,Modena,Trento,1,0.3256,0.6744,Trento,0,0.3489
2022/2023_Padov_Piace_11Round,2022/2023,Padova,Piacenza,0,0.5336,0.4664,Padova,0,0.0671
2022/2023_Shedi_Wow G_11Round,2022/2023,Sorrento,Aversa,0,0.3308,0.6692,Aversa,1,0.3385
2022/2023_Cave _Delta_12Round,2022/2023,Lagonegro,Porto Viro,1,0.6342,0.3658,Lagonegro,1,0.2684
2022/2023_Conso_Pool _12Round,2022/2023,Brescia,Cantù,0,0.3866,0.6134,Cantù,1,0.2267
2022/2023_Cave _Prata_13Round,2022/2023,Lagonegro,Prata di Pordenone,1,0.7683,0.2317,Lagonegro,1,0.5367
2022/2023_Consa_Delta_13Round,2022/2023,Ravenna,Porto Viro,0,0.3965,0.6035,Porto Viro,1,0.2069
2023/2024_Ciste_Trent_1Round,2023/2024,Cisterna,Trento,1,0.119,0.881,Trento,0,0.7621
2023/2024_Delta_Raven_1Round,2023/2024,Porto Viro,Ravenna,0,0.5016,0.4984,Porto Viro,0,0.0032
2023/2024_Grott_Pulis_1Round,2023/2024,Grottazzolina,Cuneo,1,0.7102,0.2898,Grottazzolina,1,0.4203
2023/2024_Lube_Mint _1Round,2023/2024,Lube,Monza,0,0.681,0.319,Lube,0,0.362
2023/2024_Milan_Moden_1Round,2023/2024,Milano,Modena,1,0.6145,0.3855,Milano,1,0.229
2023/2024_Padov_Piace_1Round,2023/2024,Padova,Piacenza,1,0.5786,0.4214,Padova,1,0.1572
2023/2024_Pool _WOW G_1Round,2023/2024,Cantù,Aversa,0,0.4945,0.5055,Aversa,1,0.0111
2023/2024_Conso_Pinet_2Round,2023/2024,Brescia,Pineto,1,0.5168,0.4832,Brescia,1,0.0336
2023/2024_Emma _Prata_2Round,2023/2024,Siena,Prata di Pordenone,0,0.4593,0.5407,Prata di Pordenone,1,0.0815
2023/2024_Lube_Padov_2Round,2023/2024,Lube,Padova,0,0.7313,0.2687,Lube,0,0.4625
2023/2024_Milan_Piace_2Round,2023/2024,Milano,Piacenza,0,0.401,0.599,Piacenza,1,0.1979
2023/2024_Mint _Sir S_2Round,2023/2024,Monza,Perugia,0,0.4911,0.5089,Perugia,1,0.0179
2023/2024_Moden_Veron_2Round,2023/2024,Modena,Verona,0,0.6719,0.3281,Modena,0,0.3438
2023/2024_Ciste_Milan_3Round,2023/2024,Cisterna,Milano,1,0.2054,0.7946,Milano,0,0.5891
2023/2024_Conso_Delta_3Round,2023/2024,Brescia,Porto Viro,1,0.4562,0.5438,Porto Viro,0,0.0876
2023/2024_Emma _Pinet_3Round,2023/2024,Siena,Pineto,0,0.5654,0.4346,Siena,0,0.1309
2023/2024_Lube_Sir S_3Round,2023/2024,Lube,Perugia,1,0.4821,0.5179,Perugia,0,0.0358
2023/2024_Mint _Moden_3Round,2023/2024,Monza,Modena,0,0.7284,0.2716,Monza,0,0.4568
2023/2024_Pool _Raven_3Round,2023/2024,Cantù,Ravenna,0,0.5561,0.4439,Cantù,0,0.1121
2023/2024_Trent_Veron_3Round,2023/2024,Trento,Verona,0,0.33,0.67,Verona,1,0.3401
2023/2024_Ciste_Padov_4Round,2023/2024,Cisterna,Padova,1,0.4693,0.5307,Padova,0,0.0613
2023/2024_Lagon_Shedi_4Round,2023/2024,Lagonegro,Sorrento,0,0.6822,0.3178,Lagonegro,0,0.3645
2023/2024_Lube_Milan_4Round,2023/2024,Lube,Milano,1,0.575,0.425,Lube,1,0.15
2023/2024_Moden_Sir S_4Round,2023/2024,Modena,Perugia,0,0.3909,0.6091,Perugia,1,0.2182
2023/2024_Piace_Trent_4Round,2023/2024,Piacenza,Trento,0,0.3547,0.6453,Trento,1,0.2905
2023/2024_Pool _Prata_4Round,2023/2024,Cantù,Prata di Pordenone,1,0.6358,0.3642,Cantù,1,0.2716
2023/2024_Ciste_Piace_5Round,2023/2024,Cisterna,Piacenza,1,0.3822,0.6178,Piacenza,0,0.2357
2023/2024_Conso_Raven_5Round,2023/2024,Brescia,Ravenna,0,0.5034,0.4966,Brescia,0,0.0068
2023/2024_Emma _Pool _5Round,2023/2024,Siena,Cantù,0,0.4246,0.5754,Cantù,1,0.1508
2023/2024_Milan_Trent_5Round,2023/2024,Milano,Trento,1,0.3596,0.6404,Trento,0,0.2807
2023/2024_Mint _Veron_5Round,2023/2024,Monza,Verona,0,0.2918,0.7082,Verona,1,0.4165
2023/2024_Moden_Padov_5Round,2023/2024,Modena,Padova,1,0.6562,0.3438,Modena,1,0.3125
2023/2024_Prata_WOW G_5Round,2023/2024,Prata di Pordenone,Aversa,0,0.5677,0.4323,Prata di Pordenone,0,0.1354
2023/2024_Shedi_Smart_5Round,2023/2024,Sorrento,Fano,1,0.4933,0.5067,Fano,0,0.0134
2023/2024_Banca_Lagon_6Round,2023/2024,Macerata,Lagonegro,1,0.6354,0.3646,Macerata,1,0.2708
2023/2024_Conso_Emma _6Round,2023/2024,Brescia,Siena,0,0.5266,0.4734,Brescia,0,0.0531
2023/2024_Lube_Moden_6Round,2023/2024,Lube,Modena,0,0.6264,0.3736,Lube,0,0.2528
2023/2024_Mint _Trent_6Round,2023/2024,Monza,Trento,0,0.3859,0.6141,Trento,1,0.2281
2023/2024_Padov_Veron_6Round,2023/2024,Padova,Verona,1,0.5651,0.4349,Padova,1,0.1301
2023/2024_Piace_Sir S_6Round,2023/2024,Piacenza,Perugia,1,0.3996,0.6004,Perugia,0,0.2008
2023/2024_Pinet_WOW G_6Round,2023/2024,Pineto,Aversa,0,0.3133,0.6867,Aversa,1,0.3735
2023/2024_Ciste_Moden_7Round,2023/2024,Cisterna,Modena,1,0.4404,0.5596,Modena,0,0.1191
2023/2024_Delta_Pinet_7Round,2023/2024,Porto Viro,Pineto,1,0.4949,0.5051,Pineto,0,0.0102
2023/2024_Emma _Raven_7Round,2023/2024,Siena,Ravenna,0,0.4686,0.5314,Ravenna,1,0.0628
2023/2024_Lagon_Smart_7Round,2023/2024,Lagonegro,Fano,1,0.6063,0.3937,Lagonegro,1,0.2126
2023/2024_Milan_Padov_7Round,2023/2024,Milano,Padova,1,0.76,0.24,Milano,1,0.5199
2023/2024_Mint _Piace_7Round,2023/2024,Monza,Piacenza,0,0.3462,0.6538,Piacenza,1,0.3076
2023/2024_Sir S_Veron_7Round,2023/2024,Perugia,Verona,0,0.4782,0.5218,Verona,1,0.0436
2023/2024_Ciste_Sir S_8Round,2023/2024,Cisterna,Perugia,0,0.3822,0.6178,Perugia,1,0.2357
2023/2024_Lube_Trent_8Round,2023/2024,Lube,Trento,0,0.4947,0.5053,Trento,1,0.0106
2023/2024_Milan_Mint _8Round,2023/2024,Milano,Monza,0,0.5465,0.4535,Milano,0,0.093
2023/2024_Piace_Veron_8Round,2023/2024,Piacenza,Verona,1,0.5475,0.4525,Piacenza,1,0.0951
2023/2024_Pinet_Prata_8Round,2023/2024,Pineto,Prata di Pordenone,0,0.6349,0.3651,Pineto,0,0.2698
2023/2024_Raven_WOW G_8Round,2023/2024,Ravenna,Aversa,1,0.4841,0.5159,Aversa,0,0.0318
2023/2024_Banca_Shedi_9Round,2023/2024,Macerata,Sorrento,0,0.5907,0.4093,Macerata,0,0.1814
2023/2024_Ciste_Lube_9Round,2023/2024,Cisterna,Lube,0,0.4043,0.5957,Lube,1,0.1913
2023/2024_Conso_Prata_9Round,2023/2024,Brescia,Prata di Pordenone,1,0.508,0.492,Brescia,1,0.0161
2023/2024_Delta_WOW G_9Round,2023/2024,Porto Viro,Aversa,0,0.3648,0.6352,Aversa,1,0.2705
2023/2024_Milan_Veron_9Round,2023/2024,Milano,Verona,1,0.3993,0.6007,Verona,0,0.2014
2023/2024_Moden_Trent_9Round,2023/2024,Modena,Trento,1,0.3385,0.6615,Trento,0,0.323
2023/2024_Padov_Sir S_9Round,2023/2024,Padova,Perugia,0,0.4942,0.5058,Perugia,1,0.0116
2023/2024_Banca_Smart_10Round,2023/2024,Macerata,Fano,1,0.617,0.383,Macerata,1,0.2341
2023/2024_Ciste_Veron_10Round,2023/2024,Cisterna,Verona,0,0.3861,0.6139,Verona,1,0.2279
2023/2024_Conso_Pool _10Round,2023/2024,Brescia,Cantù,1,0.5093,0.4907,Brescia,1,0.0186
2023/2024_Lube_Piace_10Round,2023/2024,Lube,Piacenza,0,0.5227,0.4773,Lube,0,0.0454
2023/2024_Mint _Padov_10Round,2023/2024,Monza,Padova,1,0.6138,0.3862,Monza,1,0.2276
2023/2024_Prata_Raven_10Round,2023/2024,Prata di Pordenone,Ravenna,1,0.4264,0.5736,Ravenna,0,0.1473
2023/2024_Sir S_Trent_10Round,2023/2024,Perugia,Trento,1,0.5188,0.4812,Perugia,1,0.0376
2023/2024_Ciste_Mint _11Round,2023/2024,Cisterna,Monza,1,0.3712,0.6288,Monza,0,0.2576
2023/2024_Delta_Pool _11Round,2023/2024,Porto Viro,Cantù,1,0.3729,0.6271,Cantù,0,0.2541
2023/2024_Emma _WOW G_11Round,2023/2024,Siena,Aversa,1,0.3445,0.6555,Aversa,0,0.3109
2023/2024_Farmi_Gioie_11Round,2023/2024,Catania,Taranto,1,0.4782,0.5218,Taranto,0,0.0437
2023/2024_Lube_Veron_11Round,2023/2024,Lube,Verona,0,0.7335,0.2665,Lube,0,0.4671
2023/2024_Milan_Sir S_11Round,2023/2024,Milano,Perugia,0,0.3601,0.6399,Perugia,1,0.2798
2023/2024_Moden_Piace_11Round,2023/2024,Modena,Piacenza,0,0.5007,0.4993,Modena,0,0.0015
2023/2024_Padov_Trent_11Round,2023/2024,Padova,Trento,0,0.5015,0.4985,Padova,0,0.0031
2023/2024_Conso_WOW G_12Round,2023/2024,Brescia,Aversa,0,0.408,0.592,Aversa,1,0.1841
2023/2024_Delta_Emma _12Round,2023/2024,Porto Viro,Siena,0,0.4886,0.5114,Siena,1,0.0228
2023/2024_Pinet_Pool _12Round,2023/2024,Pineto,Cantù,0,0.3191,0.6809,Cantù,1,0.3617
2023/2024_Delta_Prata_13Round,2023/2024,Porto Viro,Prata di Pordenone,0,0.6356,0.3644,Porto Viro,0,0.2712
2023/2024_Pinet_Raven_13Round,2023/2024,Pineto,Ravenna,0,0.3704,0.6296,Ravenna,1,0.2592
2024/2025_Cantù_Delta_1Round,2024/2025,Cantù,Porto Viro,0,0.5484,0.4516,Cantù,0,0.0968
2024/2025_Ciste_Trent_1Round,2024/2025,Cisterna,Trento,1,0.4732,0.5268,Trento,0,0.0537
2024/2025_Emma _Evolu_1Round,2024/2025,Siena,Aversa,1,0.45,0.55,Aversa,0,0.1
2024/2025_Grott_Mint _1Round,2024/2025,Grottazzolina,Monza,0,0.2615,0.7385,Monza,1,0.4769
2024/2025_Lube_Padov_1Round,2024/2025,Lube,Padova,1,0.7449,0.2551,Lube,1,0.4899
2024/2025_Macer_Pinet_1Round,2024/2025,Macerata,Pineto,1,0.6458,0.3542,Macerata,1,0.2917
2024/2025_Moden_Piace_1Round,2024/2025,Modena,Piacenza,1,0.5205,0.4795,Modena,1,0.041
2024/2025_Raven_Smart_1Round,2024/2025,Ravenna,Fano,1,0.6218,0.3782,Ravenna,1,0.2435
2024/2025_Sir S_Veron_1Round,2024/2025,Perugia,Verona,1,0.7104,0.2896,Perugia,1,0.4208
2024/2025_Bresc_Cosed_2Round,2024/2025,Brescia,Acicastello,0,0.6523,0.3477,Brescia,0,0.3047
2024/2025_Ciste_Veron_2Round,2024/2025,Cisterna,Verona,0,0.2323,0.7677,Verona,1,0.5354
2024/2025_Delta_Prata_2Round,2024/2025,Porto Viro,Prata di Pordenone,1,0.6407,0.3593,Porto Viro,1,0.2815
2024/2025_Emma _Pinet_2Round,2024/2025,Siena,Pineto,1,0.6379,0.3621,Siena,1,0.2758
2024/2025_Grott_Moden_2Round,2024/2025,Grottazzolina,Modena,1,0.2831,0.7169,Modena,0,0.4338
2024/2025_Lube_Milan_2Round,2024/2025,Lube,Milano,1,0.535,0.465,Lube,1,0.07
2024/2025_Macer_Smart_2Round,2024/2025,Macerata,Fano,1,0.6896,0.3104,Macerata,1,0.3792
2024/2025_Mint _Piace_2Round,2024/2025,Monza,Piacenza,0,0.3449,0.6551,Piacenza,1,0.3102
2024/2025_Padov_Sir S_2Round,2024/2025,Padova,Perugia,1,0.2954,0.7046,Perugia,0,0.4092
2024/2025_Cantù_Smart_3Round,2024/2025,Cantù,Fano,0,0.6357,0.3643,Cantù,0,0.2715
2024/2025_Ciste_Piace_3Round,2024/2025,Cisterna,Piacenza,0,0.2704,0.7296,Piacenza,1,0.4593
2024/2025_Cosed_Macer_3Round,2024/2025,Acicastello,Macerata,1,0.4251,0.5749,Macerata,0,0.1497
2024/2025_Emma _Raven_3Round,2024/2025,Siena,Ravenna,0,0.6622,0.3378,Siena,0,0.3244
2024/2025_Evolu_Pinet_3Round,2024/2025,Aversa,Pineto,0,0.5665,0.4335,Aversa,0,0.133
2024/2025_Grott_Veron_3Round,2024/2025,Grottazzolina,Verona,0,0.3032,0.6968,Verona,1,0.3936
2024/2025_Lube_Mint _3Round,2024/2025,Lube,Monza,1,0.627,0.373,Lube,1,0.254
2024/2025_Milan_Trent_3Round,2024/2025,Milano,Trento,1,0.4737,0.5263,Trento,0,0.0526
2024/2025_Moden_Sir S_3Round,2024/2025,Modena,Perugia,0,0.3123,0.6877,Perugia,1,0.3754
2024/2025_Bresc_Emma _4Round,2024/2025,Brescia,Siena,1,0.3821,0.6179,Siena,0,0.2359
2024/2025_Cantù_Cosed_4Round,2024/2025,Cantù,Acicastello,1,0.4755,0.5245,Acicastello,0,0.049
2024/2025_Ciste_Sir S_4Round,2024/2025,Cisterna,Perugia,0,0.2437,0.7563,Perugia,1,0.5125
2024/2025_Delta_Pinet_4Round,2024/2025,Porto Viro,Pineto,1,0.5724,0.4276,Porto Viro,1,0.1447
2024/2025_Grott_Padov_4Round,2024/2025,Grottazzolina,Padova,0,0.5678,0.4322,Grottazzolina,0,0.1355
2024/2025_Lube_Veron_4Round,2024/2025,Lube,Verona,1,0.7289,0.2711,Lube,1,0.4579
2024/2025_Milan_Mint _4Round,2024/2025,Milano,Monza,1,0.4831,0.5169,Monza,0,0.0338
2024/2025_Moden_Trent_4Round,2024/2025,Modena,Trento,0,0.4506,0.5494,Trento,1,0.0988
2024/2025_Prata_Raven_4Round,2024/2025,Prata di Pordenone,Ravenna,1,0.3905,0.6095,Ravenna,0,0.2191
2024/2025_Bresc_Prata_5Round,2024/2025,Brescia,Prata di Pordenone,1,0.6868,0.3132,Brescia,1,0.3736
2024/2025_Ciste_Lube_5Round,2024/2025,Cisterna,Lube,0,0.2246,0.7754,Lube,1,0.5508
2024/2025_Cosed_Evolu_5Round,2024/2025,Acicastello,Aversa,0,0.5651,0.4349,Acicastello,0,0.1301
2024/2025_Delta_Raven_5Round,2024/2025,Porto Viro,Ravenna,0,0.555,0.445,Porto Viro,0,0.1101
2024/2025_Emma _Macer_5Round,2024/2025,Siena,Macerata,1,0.5405,0.4595,Siena,1,0.0811
2024/2025_Milan_Veron_5Round,2024/2025,Milano,Verona,0,0.359,0.641,Verona,1,0.282
2024/2025_Mint _Moden_5Round,2024/2025,Monza,Modena,0,0.6324,0.3676,Monza,0,0.2649
2024/2025_Padov_Piace_5Round,2024/2025,Padova,Piacenza,0,0.4847,0.5153,Piacenza,1,0.0305
2024/2025_Pinet_Smart_5Round,2024/2025,Pineto,Fano,1,0.4404,0.5596,Fano,0,0.1192
2024/2025_Sir S_Trent_5Round,2024/2025,Perugia,Trento,0,0.5245,0.4755,Perugia,0,0.0489
2024/2025_Bresc_Smart_6Round,2024/2025,Brescia,Fano,1,0.6411,0.3589,Brescia,1,0.2821
2024/2025_Cantù_Prata_6Round,2024/2025,Cantù,Prata di Pordenone,0,0.5687,0.4313,Cantù,0,0.1375
2024/2025_Ciste_Padov_6Round,2024/2025,Cisterna,Padova,1,0.3536,0.6464,Padova,0,0.2929
2024/2025_Cosed_Pinet_6Round,2024/2025,Acicastello,Pineto,1,0.7209,0.2791,Acicastello,1,0.4417
2024/2025_Delta_Evolu_6Round,2024/2025,Porto Viro,Aversa,0,0.4912,0.5088,Aversa,1,0.0176
2024/2025_Grott_Trent_6Round,2024/2025,Grottazzolina,Trento,0,0.309,0.691,Trento,1,0.3819
2024/2025_Lube_Sir S_6Round,2024/2025,Lube,Perugia,1,0.4801,0.5199,Perugia,0,0.0398
2024/2025_Milan_Piace_6Round,2024/2025,Milano,Piacenza,1,0.3256,0.6744,Piacenza,0,0.3489
2024/2025_Moden_Veron_6Round,2024/2025,Modena,Verona,0,0.5615,0.4385,Modena,0,0.123
2024/2025_Cantù_Macer_7Round,2024/2025,Cantù,Macerata,1,0.5958,0.4042,Cantù,1,0.1916
2024/2025_Ciste_Moden_7Round,2024/2025,Cisterna,Modena,0,0.3967,0.6033,Modena,1,0.2065
2024/2025_Delta_Emma _7Round,2024/2025,Porto Viro,Siena,1,0.4587,0.5413,Siena,0,0.0826
2024/2025_Evolu_Raven_7Round,2024/2025,Aversa,Ravenna,0,0.5537,0.4463,Aversa,0,0.1074
2024/2025_Grott_Milan_7Round,2024/2025,Grottazzolina,Milano,1,0.3139,0.6861,Milano,0,0.3722
2024/2025_Lube_Piace_7Round,2024/2025,Lube,Piacenza,0,0.6953,0.3047,Lube,0,0.3906
2024/2025_Mint _Padov_7Round,2024/2025,Monza,Padova,1,0.5982,0.4018,Monza,1,0.1965
2024/2025_Pinet_Prata_7Round,2024/2025,Pineto,Prata di Pordenone,1,0.4729,0.5271,Prata di Pordenone,0,0.0541
2024/2025_Trent_Veron_7Round,2024/2025,Trento,Verona,0,0.2966,0.7034,Verona,1,0.4069
2024/2025_Bresc_Raven_8Round,2024/2025,Brescia,Ravenna,0,0.4565,0.5435,Ravenna,1,0.087
2024/2025_Cantù_Pinet_8Round,2024/2025,Cantù,Pineto,0,0.6992,0.3008,Cantù,0,0.3984
2024/2025_Delta_Smart_8Round,2024/2025,Porto Viro,Fano,1,0.7253,0.2747,Porto Viro,1,0.4506
2024/2025_Emma _Prata_8Round,2024/2025,Siena,Prata di Pordenone,1,0.7646,0.2354,Siena,1,0.5292
2024/2025_Evolu_Macer_8Round,2024/2025,Aversa,Macerata,1,0.5709,0.4291,Aversa,1,0.1418
2024/2025_Grott_Sir S_8Round,2024/2025,Grottazzolina,Perugia,1,0.228,0.772,Perugia,0,0.5439
2024/2025_Lube_Moden_8Round,2024/2025,Lube,Modena,1,0.8034,0.1966,Lube,1,0.6069
2024/2025_Milan_Padov_8Round,2024/2025,Milano,Padova,0,0.761,0.239,Milano,0,0.522
2024/2025_Mint _Veron_8Round,2024/2025,Monza,Verona,1,0.306,0.694,Verona,0,0.388
2024/2025_Piace_Trent_8Round,2024/2025,Piacenza,Trento,0,0.3618,0.6382,Trento,1,0.2765
2024/2025_Bresc_Evolu_9Round,2024/2025,Brescia,Aversa,1,0.5491,0.4509,Brescia,1,0.0982
2024/2025_Ciste_Grott_9Round,2024/2025,Cisterna,Grottazzolina,0,0.396,0.604,Grottazzolina,1,0.2081
2024/2025_Cosed_Emma _9Round,2024/2025,Acicastello,Siena,1,0.353,0.647,Siena,0,0.2941
2024/2025_Delta_Macer_9Round,2024/2025,Porto Viro,Macerata,1,0.6721,0.3279,Porto Viro,1,0.3442
2024/2025_Milan_Sir S_9Round,2024/2025,Milano,Perugia,0,0.4307,0.5693,Perugia,1,0.1386
2024/2025_Mint _Trent_9Round,2024/2025,Monza,Trento,0,0.4974,0.5026,Trento,1,0.0052
2024/2025_Moden_Padov_9Round,2024/2025,Modena,Padova,1,0.7348,0.2652,Modena,1,0.4697
2024/2025_Piace_Veron_9Round,2024/2025,Piacenza,Verona,0,0.4248,0.5752,Verona,1,0.1504
2024/2025_Pinet_Raven_9Round,2024/2025,Pineto,Ravenna,1,0.2679,0.7321,Ravenna,0,0.4643
2024/2025_Bresc_Macer_10Round,2024/2025,Brescia,Macerata,1,0.7037,0.2963,Brescia,1,0.4073
2024/2025_Cantù_Emma _10Round,2024/2025,Cantù,Siena,1,0.3138,0.6862,Siena,0,0.3724
2024/2025_Ciste_Milan_10Round,2024/2025,Cisterna,Milano,0,0.3118,0.6882,Milano,1,0.3763
2024/2025_Cosed_Prata_10Round,2024/2025,Acicastello,Prata di Pordenone,1,0.6718,0.3282,Acicastello,1,0.3437
2024/2025_Evolu_Smart_10Round,2024/2025,Aversa,Fano,0,0.6227,0.3773,Aversa,0,0.2455
2024/2025_Grott_Piace_10Round,2024/2025,Grottazzolina,Piacenza,0,0.2747,0.7253,Piacenza,1,0.4505
2024/2025_Lube_Trent_10Round,2024/2025,Lube,Trento,1,0.6361,0.3639,Lube,1,0.2722
2024/2025_Mint _Sir S_10Round,2024/2025,Monza,Perugia,0,0.5378,0.4622,Monza,0,0.0757
2024/2025_Padov_Veron_10Round,2024/2025,Padova,Verona,0,0.5559,0.4441,Padova,0,0.1117
2024/2025_Bresc_Pinet_11Round,2024/2025,Brescia,Pineto,1,0.7587,0.2413,Brescia,1,0.5174
2024/2025_Cantù_Raven_11Round,2024/2025,Cantù,Ravenna,1,0.4329,0.5671,Ravenna,0,0.1343
2024/2025_Ciste_Mint _11Round,2024/2025,Cisterna,Monza,1,0.4055,0.5945,Monza,0,0.189
2024/2025_Cosed_Smart_11Round,2024/2025,Acicastello,Fano,1,0.7166,0.2834,Acicastello,1,0.4332
2024/2025_Evolu_Prata_11Round,2024/2025,Aversa,Prata di Pordenone,1,0.6779,0.3221,Aversa,1,0.3558
2024/2025_Grott_Lube_11Round,2024/2025,Grottazzolina,Lube,0,0.1936,0.8064,Lube,1,0.6129
2024/2025_Lagon_Sorre_11Round,2024/2025,Lagonegro,Sorrento,1,0.5609,0.4391,Lagonegro,1,0.1217
2024/2025_Milan_Moden_11Round,2024/2025,Milano,Modena,0,0.7213,0.2787,Milano,0,0.4426
2024/2025_Padov_Trent_11Round,2024/2025,Padova,Trento,0,0.2702,0.7298,Trento,1,0.4597
2024/2025_Piace_Sir S_11Round,2024/2025,Piacenza,Perugia,0,0.3181,0.6819,Perugia,1,0.3637
2024/2025_Bresc_Delta_12Round,2024/2025,Brescia,Porto Viro,1,0.4937,0.5063,Porto Viro,0,0.0125
2024/2025_Cantù_Evolu_12Round,2024/2025,Cantù,Aversa,0,0.4314,0.5686,Aversa,1,0.1371
2024/2025_Cosed_Raven_12Round,2024/2025,Acicastello,Ravenna,1,0.5554,0.4446,Acicastello,1,0.1107
2024/2025_Emma _Smart_12Round,2024/2025,Siena,Fano,1,0.6772,0.3228,Siena,1,0.3544
2024/2025_Macer_Prata_12Round,2024/2025,Macerata,Prata di Pordenone,0,0.6199,0.3801,Macerata,0,0.2398
2024/2025_Bresc_Cantù_13Round,2024/2025,Brescia,Cantù,0,0.3886,0.6114,Cantù,1,0.2228
2024/2025_Cosed_Delta_13Round,2024/2025,Acicastello,Porto Viro,1,0.5073,0.4927,Acicastello,1,0.0146
2024/2025_Macer_Raven_13Round,2024/2025,Macerata,Ravenna,1,0.4859,0.5141,Ravenna,0,0.0282
2024/2025_Prata_Smart_13Round,2024/2025,Prata di Pordenone,Fano,0,0.6192,0.3808,Prata di Pordenone,0,0.2384
2025/2026_Acica_Macer_1Round,2025/2026,Acicastello,Macerata,1,0.6141,0.3859,Acicastello,1,0.2283
2025/2026_Avers_Cantù_1Round,2025/2026,Aversa,Cantù,1,0.3398,0.6602,Cantù,0,0.3205
2025/2026_Bresc_Sorre_1Round,2025/2026,Brescia,Sorrento,1,0.5054,0.4946,Brescia,1,0.0108
2025/2026_Ciste_Moden_1Round,2025/2026,Modena,Cisterna,1,0.6367,0.3633,Modena,1,0.2734
2025/2026_Ciste_Trent_1Round,2025/2026,Cisterna,Trento,0,0.4433,0.5567,Trento,1,0.1133
2025/2026_Cuneo_Lube_1Round,2025/2026,Cuneo,Lube,0,0.3933,0.6067,Lube,1,0.2134
2025/2026_Cuneo_Padov_1Round,2025/2026,Padova,Cuneo,1,0.5514,0.4486,Padova,1,0.1028
2025/2026_Fano_Taran_1Round,2025/2026,Fano,Taranto,1,0.4502,0.5498,Taranto,0,0.0996
2025/2026_Grott_Lube_1Round,2025/2026,Lube,Grottazzolina,1,0.8109,0.1891,Lube,1,0.6218
2025/2026_Grott_Milan_1Round,2025/2026,Grottazzolina,Milano,0,0.298,0.702,Milano,1,0.404
2025/2026_Lagon_Prata_1Round,2025/2026,Lagonegro,Prata di Pordenone,1,0.6648,0.3352,Lagonegro,1,0.3297
2025/2026_Milan_Moden_1Round,2025/2026,Milano,Modena,1,0.4607,0.5393,Modena,0,0.0787
2025/2026_Monza_Perug_1Round,2025/2026,Monza,Perugia,0,0.5687,0.4313,Monza,0,0.1374
2025/2026_Padov_Trent_1Round,2025/2026,Padova,Trento,0,0.4414,0.5586,Trento,1,0.1172
2025/2026_Piace_Veron_1Round,2025/2026,Piacenza,Verona,1,0.673,0.327,Piacenza,1,0.346
2025/2026_Pinet_Siena_1Round,2025/2026,Pineto,Siena,1,0.5764,0.4236,Pineto,1,0.1528
2025/2026_Porto_Raven_1Round,2025/2026,Porto Viro,Ravenna,0,0.6258,0.3742,Porto Viro,0,0.2516
2025/2026_Acica_Siena_2Round,2025/2026,Acicastello,Siena,1,0.5052,0.4948,Acicastello,1,0.0104
2025/2026_Avers_Prata_2Round,2025/2026,Aversa,Prata di Pordenone,1,0.618,0.382,Aversa,1,0.2361
2025/2026_Bresc_Fano_2Round,2025/2026,Brescia,Fano,1,0.7174,0.2826,Brescia,1,0.4348
2025/2026_Cantù_Lagon_2Round,2025/2026,Cantù,Lagonegro,0,0.4851,0.5149,Lagonegro,1,0.0298
2025/2026_Ciste_Cuneo_2Round,2025/2026,Cuneo,Cisterna,1,0.6227,0.3773,Cuneo,1,0.2454
2025/2026_Ciste_Perug_2Round,2025/2026,Cisterna,Perugia,0,0.2073,0.7927,Perugia,1,0.5855
2025/2026_Cuneo_Moden_2Round,2025/2026,Modena,Cuneo,1,0.6784,0.3216,Modena,1,0.3567
2025/2026_Grott_Veron_2Round,2025/2026,Grottazzolina,Verona,0,0.3029,0.6971,Verona,1,0.3941
2025/2026_Lube_Perug_2Round,2025/2026,Perugia,Lube,1,0.5074,0.4926,Perugia,1,0.0148
2025/2026_Lube_Piace_2Round,2025/2026,Lube,Piacenza,1,0.6443,0.3557,Lube,1,0.2886
2025/2026_Macer_Raven_2Round,2025/2026,Macerata,Ravenna,0,0.463,0.537,Ravenna,1,0.074
2025/2026_Milan_Padov_2Round,2025/2026,Milano,Padova,1,0.6939,0.3061,Milano,1,0.3878
2025/2026_Milan_Piace_2Round,2025/2026,Piacenza,Milano,1,0.6893,0.3107,Piacenza,1,0.3787
2025/2026_Moden_Monza_2Round,2025/2026,Modena,Monza,1,0.4547,0.5453,Monza,0,0.0907
2025/2026_Monza_Trent_2Round,2025/2026,Monza,Trento,0,0.4923,0.5077,Trento,1,0.0154
2025/2026_Padov_Trent_2Round,2025/2026,Trento,Padova,1,0.8046,0.1954,Trento,1,0.6092
2025/2026_Pinet_Porto_2Round,2025/2026,Pineto,Porto Viro,0,0.6561,0.3439,Pineto,0,0.3122
2025/2026_Sorre_Taran_2Round,2025/2026,Sorrento,Taranto,1,0.6215,0.3785,Sorrento,1,0.2429
2025/2026_Acica_Sorre_3Round,2025/2026,Acicastello,Sorrento,0,0.6817,0.3183,Acicastello,0,0.3634
2025/2026_Avers_Fano_3Round,2025/2026,Aversa,Fano,1,0.6793,0.3207,Aversa,1,0.3587
2025/2026_Bresc_Lagon_3Round,2025/2026,Brescia,Lagonegro,0,0.4798,0.5202,Lagonegro,1,0.0403
2025/2026_Cantù_Porto_3Round,2025/2026,Cantù,Porto Viro,1,0.604,0.396,Cantù,1,0.208
2025/2026_Ciste_Grott_3Round,2025/2026,Cisterna,Grottazzolina,1,0.5062,0.4938,Cisterna,1,0.0124
2025/2026_Cuneo_Monza_3Round,2025/2026,Monza,Cuneo,1,0.5162,0.4838,Monza,1,0.0325
2025/2026_Cuneo_Piace_3Round,2025/2026,Piacenza,Cuneo,1,0.6348,0.3652,Piacenza,1,0.2697
2025/2026_Lube_Trent_3Round,2025/2026,Lube,Trento,1,0.5685,0.4315,Lube,1,0.1369
2025/2026_Macer_Pinet_3Round,2025/2026,Macerata,Pineto,1,0.5733,0.4267,Macerata,1,0.1467
2025/2026_Milan_Perug_3Round,2025/2026,Perugia,Milano,1,0.6175,0.3825,Perugia,1,0.235
2025/2026_Milan_Veron_3Round,2025/2026,Verona,Milano,1,0.6374,0.3626,Verona,1,0.2749
2025/2026_Moden_Padov_3Round,2025/2026,Padova,Modena,0,0.3053,0.6947,Modena,1,0.3893
2025/2026_Moden_Piace_3Round,2025/2026,Piacenza,Modena,0,0.4067,0.5933,Modena,1,0.1865
2025/2026_Monza_Veron_3Round,2025/2026,Monza,Verona,0,0.4279,0.5721,Verona,1,0.1442
2025/2026_Padov_Perug_3Round,2025/2026,Perugia,Padova,1,0.9052,0.0948,Perugia,1,0.8104
2025/2026_Prata_Siena_3Round,2025/2026,Prata di Pordenone,Siena,0,0.4363,0.5637,Siena,1,0.1275
2025/2026_Raven_Taran_3Round,2025/2026,Ravenna,Taranto,1,0.6369,0.3631,Ravenna,1,0.2737
2025/2026_Acica_Fano_4Round,2025/2026,Acicastello,Fano,0,0.6361,0.3639,Acicastello,0,0.2722
2025/2026_Avers_Raven_4Round,2025/2026,Aversa,Ravenna,0,0.5109,0.4891,Aversa,0,0.0217
2025/2026_Bresc_Pinet_4Round,2025/2026,Brescia,Pineto,1,0.6343,0.3657,Brescia,1,0.2685
2025/2026_Cantù_Siena_4Round,2025/2026,Cantù,Siena,1,0.613,0.387,Cantù,1,0.2261
2025/2026_Ciste_Lube_4Round,2025/2026,Lube,Cisterna,1,0.9147,0.0853,Lube,1,0.8294
2025/2026_Ciste_Milan_4Round,2025/2026,Milano,Cisterna,1,0.7595,0.2405,Milano,1,0.519
2025/2026_Cuneo_Grott_4Round,2025/2026,Cuneo,Grottazzolina,1,0.5384,0.4616,Cuneo,1,0.0769
2025/2026_Cuneo_Piace_4Round,2025/2026,Cuneo,Piacenza,0,0.4897,0.5103,Piacenza,1,0.0206
2025/2026_Grott_Padov_4Round,2025/2026,Padova,Grottazzolina,1,0.6114,0.3886,Padova,1,0.2228
2025/2026_Lagon_Porto_4Round,2025/2026,Lagonegro,Porto Viro,0,0.6615,0.3385,Lagonegro,0,0.3229
2025/2026_Lube_Padov_4Round,2025/2026,Lube,Padova,1,0.9374,0.0626,Lube,1,0.8748
2025/2026_Macer_Sorre_4Round,2025/2026,Macerata,Sorrento,0,0.4236,0.5764,Sorrento,1,0.1527
2025/2026_Milan_Monza_4Round,2025/2026,Milano,Monza,1,0.6458,0.3542,Milano,1,0.2916
2025/2026_Moden_Perug_4Round,2025/2026,Modena,Perugia,0,0.3278,0.6722,Perugia,1,0.3443
2025/2026_Monza_Piace_4Round,2025/2026,Piacenza,Monza,1,0.8004,0.1996,Piacenza,1,0.6008
2025/2026_Prata_Taran_4Round,2025/2026,Prata di Pordenone,Taranto,0,0.5596,0.4404,Prata di Pordenone,0,0.1192
2025/2026_Trent_Veron_4Round,2025/2026,Trento,Verona,1,0.4131,0.5869,Verona,0,0.1739
2025/2026_Acica_Pinet_5Round,2025/2026,Acicastello,Pineto,1,0.6976,0.3024,Acicastello,1,0.3952
2025/2026_Avers_Lagon_5Round,2025/2026,Aversa,Lagonegro,1,0.5479,0.4521,Aversa,1,0.0958
2025/2026_Bresc_Taran_5Round,2025/2026,Brescia,Taranto,1,0.5905,0.4095,Brescia,1,0.181
2025/2026_Cantù_Raven_5Round,2025/2026,Cantù,Ravenna,0,0.4758,0.5242,Ravenna,1,0.0484
2025/2026_Ciste_Moden_5Round,2025/2026,Cisterna,Modena,1,0.3681,0.6319,Modena,0,0.2638
2025/2026_Ciste_Monza_5Round,2025/2026,Cisterna,Monza,1,0.7844,0.2156,Cisterna,1,0.5688
2025/2026_Cuneo_Grott_5Round,2025/2026,Grottazzolina,Cuneo,0,0.6014,0.3986,Grottazzolina,0,0.2029
2025/2026_Cuneo_Perug_5Round,2025/2026,Cuneo,Perugia,0,0.3288,0.6712,Perugia,1,0.3424
2025/2026_Fano_Siena_5Round,2025/2026,Fano,Siena,0,0.5187,0.4813,Fano,0,0.0374
2025/2026_Grott_Lube_5Round,2025/2026,Grottazzolina,Lube,0,0.1976,0.8024,Lube,1,0.6049
2025/2026_Lube_Piace_5Round,2025/2026,Piacenza,Lube,1,0.4781,0.5219,Lube,0,0.0438
2025/2026_Macer_Prata_5Round,2025/2026,Macerata,Prata di Pordenone,1,0.5586,0.4414,Macerata,1,0.1172
2025/2026_Milan_Padov_5Round,2025/2026,Padova,Milano,0,0.3628,0.6372,Milano,1,0.2745
2025/2026_Milan_Piace_5Round,2025/2026,Milano,Piacenza,0,0.4302,0.5698,Piacenza,1,0.1396
2025/2026_Moden_Trent_5Round,2025/2026,Modena,Trento,1,0.5449,0.4551,Modena,1,0.0899
2025/2026_Monza_Trent_5Round,2025/2026,Trento,Monza,1,0.8292,0.1708,Trento,1,0.6583
2025/2026_Padov_Veron_5Round,2025/2026,Verona,Padova,1,0.7702,0.2298,Verona,1,0.5404
2025/2026_Perug_Veron_5Round,2025/2026,Perugia,Verona,0,0.6184,0.3816,Perugia,0,0.2368
2025/2026_Porto_Sorre_5Round,2025/2026,Porto Viro,Sorrento,1,0.5118,0.4882,Porto Viro,1,0.0236
2025/2026_Acica_Bresc_6Round,2025/2026,Acicastello,Brescia,1,0.5147,0.4853,Acicastello,1,0.0295
2025/2026_Avers_Pinet_6Round,2025/2026,Aversa,Pineto,1,0.7947,0.2053,Aversa,1,0.5894
2025/2026_Cantù_Taran_6Round,2025/2026,Cantù,Taranto,1,0.5034,0.4966,Cantù,1,0.0068
2025/2026_Ciste_Monza_6Round,2025/2026,Monza,Cisterna,0,0.6254,0.3746,Monza,0,0.2508
2025/2026_Ciste_Padov_6Round,2025/2026,Padova,Cisterna,1,0.7063,0.2937,Padova,1,0.4125
2025/2026_Cuneo_Trent_6Round,2025/2026,Cuneo,Trento,0,0.439,0.561,Trento,1,0.122
2025/2026_Cuneo_Veron_6Round,2025/2026,Verona,Cuneo,1,0.6607,0.3393,Verona,1,0.3213
2025/2026_Fano_Prata_6Round,2025/2026,Fano,Prata di Pordenone,0,0.6092,0.3908,Fano,0,0.2184
2025/2026_Grott_Milan_6Round,2025/2026,Milano,Grottazzolina,1,0.8978,0.1022,Milano,1,0.7955
2025/2026_Grott_Piace_6Round,2025/2026,Piacenza,Grottazzolina,1,0.9116,0.0884,Piacenza,1,0.8232
2025/2026_Lagon_Raven_6Round,2025/2026,Lagonegro,Ravenna,1,0.6136,0.3864,Lagonegro,1,0.2273
2025/2026_Lube_Perug_6Round,2025/2026,Lube,Perugia,0,0.4817,0.5183,Perugia,1,0.0366
2025/2026_Lube_Veron_6Round,2025/2026,Lube,Verona,1,0.7124,0.2876,Lube,1,0.4247
2025/2026_Macer_Porto_6Round,2025/2026,Macerata,Porto Viro,1,0.4597,0.5403,Porto Viro,0,0.0806
2025/2026_Milan_Trent_6Round,2025/2026,Trento,Milano,1,0.7047,0.2953,Trento,1,0.4095
2025/2026_Moden_Monza_6Round,2025/2026,Monza,Modena,1,0.547,0.453,Monza,1,0.094
2025/2026_Moden_Padov_6Round,2025/2026,Modena,Padova,1,0.912,0.088,Modena,1,0.8241
2025/2026_Perug_Piace_6Round,2025/2026,Piacenza,Perugia,0,0.3923,0.6077,Perugia,1,0.2154
2025/2026_Siena_Sorre_6Round,2025/2026,Siena,Sorrento,0,0.5884,0.4116,Siena,0,0.1769
2025/2026_Acica_Lagon_7Round,2025/2026,Acicastello,Lagonegro,1,0.5212,0.4788,Acicastello,1,0.0424
2025/2026_Avers_Porto_7Round,2025/2026,Aversa,Porto Viro,1,0.5931,0.4069,Aversa,1,0.1861
2025/2026_Bresc_Macer_7Round,2025/2026,Brescia,Macerata,0,0.6973,0.3027,Brescia,0,0.3946
2025/2026_Cantù_Fano_7Round,2025/2026,Cantù,Fano,1,0.6698,0.3302,Cantù,1,0.3395
2025/2026_Ciste_Milan_7Round,2025/2026,Cisterna,Milano,0,0.4372,0.5628,Milano,1,0.1255
2025/2026_Ciste_Veron_7Round,2025/2026,Cisterna,Verona,0,0.3444,0.6556,Verona,1,0.3112
2025/2026_Cuneo_Moden_7Round,2025/2026,Cuneo,Modena,0,0.5134,0.4866,Cuneo,0,0.0268
2025/2026_Cuneo_Monza_7Round,2025/2026,Cuneo,Monza,1,0.6543,0.3457,Cuneo,1,0.3086
2025/2026_Grott_Padov_7Round,2025/2026,Grottazzolina,Padova,0,0.5499,0.4501,Grottazzolina,0,0.0999
2025/2026_Grott_Piace_7Round,2025/2026,Grottazzolina,Piacenza,0,0.1854,0.8146,Piacenza,1,0.6293
2025/2026_Lube_Milan_7Round,2025/2026,Milano,Lube,1,0.6302,0.3698,Milano,1,0.2604
2025/2026_Lube_Padov_7Round,2025/2026,Padova,Lube,1,0.3575,0.6425,Lube,0,0.285
2025/2026_Moden_Piace_7Round,2025/2026,Modena,Piacenza,1,0.6714,0.3286,Modena,1,0.3428
2025/2026_Monza_Veron_7Round,2025/2026,Verona,Monza,1,0.6489,0.3511,Verona,1,0.2978
2025/2026_Perug_Trent_7Round,2025/2026,Perugia,Trento,1,0.4412,0.5588,Trento,0,0.1175
2025/2026_Pinet_Prata_7Round,2025/2026,Pineto,Prata di Pordenone,1,0.6223,0.3777,Pineto,1,0.2447
2025/2026_Raven_Sorre_7Round,2025/2026,Ravenna,Sorrento,1,0.6862,0.3138,Ravenna,1,0.3724
2025/2026_Siena_Taran_7Round,2025/2026,Siena,Taranto,0,0.714,0.286,Siena,0,0.4279
2025/2026_Acica_Cantù_8Round,2025/2026,Acicastello,Cantù,0,0.3449,0.6551,Cantù,1,0.3101
2025/2026_Avers_Sorre_8Round,2025/2026,Aversa,Sorrento,1,0.5791,0.4209,Aversa,1,0.1582
2025/2026_Bresc_Raven_8Round,2025/2026,Brescia,Ravenna,1,0.6348,0.3652,Brescia,1,0.2697
2025/2026_Ciste_Perug_8Round,2025/2026,Perugia,Cisterna,1,0.8944,0.1056,Perugia,1,0.7889
2025/2026_Ciste_Piace_8Round,2025/2026,Piacenza,Cisterna,1,0.868,0.132,Piacenza,1,0.7361
2025/2026_Cuneo_Lube_8Round,2025/2026,Lube,Cuneo,1,0.752,0.248,Lube,1,0.504
2025/2026_Cuneo_Trent_8Round,2025/2026,Trento,Cuneo,1,0.6763,0.3237,Trento,1,0.3527
2025/2026_Fano_Pinet_8Round,2025/2026,Fano,Pineto,1,0.6628,0.3372,Fano,1,0.3256
2025/2026_Grott_Moden_8Round,2025/2026,Modena,Grottazzolina,1,0.9022,0.0978,Modena,1,0.8043
2025/2026_Grott_Monza_8Round,2025/2026,Grottazzolina,Monza,0,0.4962,0.5038,Monza,1,0.0076
2025/2026_Lagon_Taran_8Round,2025/2026,Lagonegro,Taranto,1,0.7816,0.2184,Lagonegro,1,0.5632
2025/2026_Lube_Veron_8Round,2025/2026,Verona,Lube,0,0.3438,0.6562,Lube,1,0.3124
2025/2026_Macer_Siena_8Round,2025/2026,Macerata,Siena,0,0.5062,0.4938,Macerata,0,0.0125
2025/2026_Milan_Moden_8Round,2025/2026,Modena,Milano,1,0.5852,0.4148,Modena,1,0.1704
2025/2026_Milan_Trent_8Round,2025/2026,Milano,Trento,0,0.5532,0.4468,Milano,0,0.1063
2025/2026_Monza_Piace_8Round,2025/2026,Monza,Piacenza,0,0.3269,0.6731,Piacenza,1,0.3462
2025/2026_Padov_Perug_8Round,2025/2026,Padova,Perugia,0,0.1823,0.8177,Perugia,1,0.6355
2025/2026_Padov_Veron_8Round,2025/2026,Padova,Verona,0,0.4958,0.5042,Verona,1,0.0085
2025/2026_Porto_Prata_8Round,2025/2026,Porto Viro,Prata di Pordenone,1,0.7265,0.2735,Porto Viro,1,0.453
2025/2026_Acica_Prata_9Round,2025/2026,Acicastello,Prata di Pordenone,0,0.6247,0.3753,Acicastello,0,0.2494
2025/2026_Avers_Bresc_9Round,2025/2026,Aversa,Brescia,0,0.6271,0.3729,Aversa,0,0.2542
2025/2026_Cantù_Sorre_9Round,2025/2026,Cantù,Sorrento,0,0.6126,0.3874,Cantù,0,0.2252
2025/2026_Ciste_Cuneo_9Round,2025/2026,Cisterna,Cuneo,1,0.7342,0.2658,Cisterna,1,0.4683
2025/2026_Ciste_Veron_9Round,2025/2026,Verona,Cisterna,1,0.8481,0.1519,Verona,1,0.6961
2025/2026_Cuneo_Milan_9Round,2025/2026,Cuneo,Milano,0,0.4687,0.5313,Milano,1,0.0627
2025/2026_Fano_Porto_9Round,2025/2026,Fano,Porto Viro,0,0.6799,0.3201,Fano,0,0.3598
2025/2026_Grott_Perug_9Round,2025/2026,Grottazzolina,Perugia,0,0.1323,0.8677,Perugia,1,0.7354
2025/2026_Grott_Trent_9Round,2025/2026,Trento,Grottazzolina,1,0.9035,0.0965,Trento,1,0.807
2025/2026_Lagon_Pinet_9Round,2025/2026,Lagonegro,Pineto,1,0.7737,0.2263,Lagonegro,1,0.5474
2025/2026_Lube_Moden_9Round,2025/2026,Lube,Modena,0,0.6426,0.3574,Lube,0,0.2851
2025/2026_Lube_Monza_9Round,2025/2026,Monza,Lube,1,0.3285,0.6715,Lube,0,0.3431
2025/2026_Macer_Taran_9Round,2025/2026,Macerata,Taranto,1,0.5108,0.4892,Macerata,1,0.0216
2025/2026_Milan_Veron_9Round,2025/2026,Milano,Verona,0,0.4664,0.5336,Verona,1,0.0671
2025/2026_Moden_Trent_9Round,2025/2026,Trento,Modena,1,0.658,0.342,Trento,1,0.316
2025/2026_Monza_Padov_9Round,2025/2026,Monza,Padova,1,0.8004,0.1996,Monza,1,0.6007
2025/2026_Padov_Piace_9Round,2025/2026,Piacenza,Padova,1,0.8688,0.1312,Piacenza,1,0.7376
2025/2026_Perug_Piace_9Round,2025/2026,Perugia,Piacenza,1,0.5323,0.4677,Perugia,1,0.0646
2025/2026_Raven_Siena_9Round,2025/2026,Ravenna,Siena,0,0.6808,0.3192,Ravenna,0,0.3615
2025/2026_Acica_Raven_10Round,2025/2026,Acicastello,Ravenna,1,0.5452,0.4548,Acicastello,1,0.0905
2025/2026_Avers_Macer_10Round,2025/2026,Aversa,Macerata,1,0.7151,0.2849,Aversa,1,0.4301
2025/2026_Bresc_Prata_10Round,2025/2026,Brescia,Prata di Pordenone,1,0.7543,0.2457,Brescia,1,0.5086
2025/2026_Cantù_Pinet_10Round,2025/2026,Cantù,Pineto,1,0.8082,0.1918,Cantù,1,0.6164
2025/2026_Ciste_Lube_10Round,2025/2026,Cisterna,Lube,0,0.3867,0.6133,Lube,1,0.2266
2025/2026_Ciste_Piace_10Round,2025/2026,Cisterna,Piacenza,0,0.2099,0.7901,Piacenza,1,0.5802
2025/2026_Cuneo_Padov_10Round,2025/2026,Cuneo,Padova,0,0.6861,0.3139,Cuneo,0,0.3723
2025/2026_Cuneo_Veron_10Round,2025/2026,Cuneo,Verona,0,0.3805,0.6195,Verona,1,0.239
2025/2026_Fano_Sorre_10Round,2025/2026,Fano,Sorrento,0,0.4653,0.5347,Sorrento,1,0.0695
2025/2026_Grott_Moden_10Round,2025/2026,Grottazzolina,Modena,0,0.3542,0.6458,Modena,1,0.2916
2025/2026_Grott_Trent_10Round,2025/2026,Grottazzolina,Trento,0,0.2985,0.7015,Trento,1,0.403
2025/2026_Lagon_Siena_10Round,2025/2026,Lagonegro,Siena,0,0.69,0.31,Lagonegro,0,0.38
2025/2026_Lube_Moden_10Round,2025/2026,Modena,Lube,1,0.7304,0.2696,Modena,1,0.4608
2025/2026_Milan_Monza_10Round,2025/2026,Monza,Milano,1,0.5979,0.4021,Monza,1,0.1959
2025/2026_Milan_Perug_10Round,2025/2026,Milano,Perugia,0,0.1703,0.8297,Perugia,1,0.6593
2025/2026_Monza_Padov_10Round,2025/2026,Padova,Monza,0,0.4933,0.5067,Monza,1,0.0133
2025/2026_Perug_Veron_10Round,2025/2026,Verona,Perugia,0,0.2219,0.7781,Perugia,1,0.5562
2025/2026_Piace_Trent_10Round,2025/2026,Piacenza,Trento,1,0.4612,0.5388,Trento,0,0.0777
2025/2026_Porto_Taran_10Round,2025/2026,Porto Viro,Taranto,1,0.6919,0.3081,Porto Viro,1,0.3839
2025/2026_Acica_Avers_11Round,2025/2026,Acicastello,Aversa,0,0.3551,0.6449,Aversa,1,0.2899
2025/2026_Bresc_Cantù_11Round,2025/2026,Brescia,Cantù,0,0.4468,0.5532,Cantù,1,0.1063
2025/2026_Ciste_Padov_11Round,2025/2026,Cisterna,Padova,0,0.4979,0.5021,Padova,1,0.0041
2025/2026_Ciste_Trent_11Round,2025/2026,Trento,Cisterna,1,0.894,0.106,Trento,1,0.788
2025/2026_Cuneo_Milan_11Round,2025/2026,Milano,Cuneo,1,0.6692,0.3308,Milano,1,0.3383
2025/2026_Cuneo_Perug_11Round,2025/2026,Perugia,Cuneo,1,0.7303,0.2697,Perugia,1,0.4605
2025/2026_Fano_Macer_11Round,2025/2026,Fano,Macerata,1,0.4198,0.5802,Macerata,0,0.1604
2025/2026_Grott_Monza_11Round,2025/2026,Monza,Grottazzolina,1,0.9303,0.0697,Monza,1,0.8607
2025/2026_Grott_Perug_11Round,2025/2026,Perugia,Grottazzolina,1,0.9119,0.0881,Perugia,1,0.8237
2025/2026_Lagon_Sorre_11Round,2025/2026,Lagonegro,Sorrento,1,0.6515,0.3485,Lagonegro,1,0.3031
2025/2026_Lube_Milan_11Round,2025/2026,Lube,Milano,1,0.7278,0.2722,Lube,1,0.4556
2025/2026_Lube_Monza_11Round,2025/2026,Lube,Monza,1,0.6801,0.3199,Lube,1,0.3602
2025/2026_Moden_Veron_11Round,2025/2026,Modena,Verona,0,0.6795,0.3205,Modena,0,0.359
2025/2026_Padov_Piace_11Round,2025/2026,Padova,Piacenza,1,0.3761,0.6239,Piacenza,0,0.2478
2025/2026_Piace_Trent_11Round,2025/2026,Trento,Piacenza,1,0.5301,0.4699,Trento,1,0.0602
2025/2026_Pinet_Taran_11Round,2025/2026,Pineto,Taranto,1,0.622,0.378,Pineto,1,0.244
2025/2026_Porto_Siena_11Round,2025/2026,Porto Viro,Siena,1,0.6227,0.3773,Porto Viro,1,0.2453
2025/2026_Prata_Raven_11Round,2025/2026,Prata di Pordenone,Ravenna,1,0.5701,0.4299,Prata di Pordenone,1,0.1402
2025/2026_Acica_Porto_12Round,2025/2026,Acicastello,Porto Viro,0,0.3535,0.6465,Porto Viro,1,0.2929
2025/2026_Avers_Taran_12Round,2025/2026,Aversa,Taranto,1,0.773,0.227,Aversa,1,0.546
2025/2026_Bresc_Siena_12Round,2025/2026,Brescia,Siena,0,0.5464,0.4536,Brescia,0,0.0928
2025/2026_Cantù_Prata_12Round,2025/2026,Cantù,Prata di Pordenone,1,0.763,0.237,Cantù,1,0.5259
2025/2026_Fano_Raven_12Round,2025/2026,Fano,Ravenna,0,0.499,0.501,Ravenna,1,0.0021
2025/2026_Lagon_Macer_12Round,2025/2026,Lagonegro,Macerata,1,0.713,0.287,Lagonegro,1,0.4261
2025/2026_Pinet_Sorre_12Round,2025/2026,Pineto,Sorrento,1,0.3534,0.6466,Sorrento,0,0.2931
2025/2026_Acica_Taran_13Round,2025/2026,Acicastello,Taranto,0,0.4719,0.5281,Taranto,1,0.0562
2025/2026_Avers_Siena_13Round,2025/2026,Aversa,Siena,0,0.7367,0.2633,Aversa,0,0.4735
2025/2026_Bresc_Porto_13Round,2025/2026,Brescia,Porto Viro,0,0.3572,0.6428,Porto Viro,1,0.2857
2025/2026_Cantù_Macer_13Round,2025/2026,Cantù,Macerata,0,0.7344,0.2656,Cantù,0,0.4688
2025/2026_Fano_Lagon_13Round,2025/2026,Fano,Lagonegro,1,0.5015,0.4985,Fano,1,0.0029
2025/2026_Pinet_Raven_13Round,2025/2026,Pineto,Ravenna,0,0.5153,0.4847,Pineto,0,0.0306
2025/2026_Prata_Sorre_13Round,2025/2026,Prata di Pordenone,Sorrento,1,0.5027,0.4973,Prata di Pordenone,1,0.0055
